,first_name,last_name,email,OrderPlacedByUser
0,Alexandria,Alvarado,6c5e7059be20c0fc930df3624e16f9a7,4
2,Alicia,Martinez,73d4e1335c8b73f4498e6626791ae013,6
3,Angela,Oneal,f2137375b2faa52d3c598b0963187c9a,7
4,Angela,Taylor,10b39830a7ba957429d57e89ad7a4feb,9
5,Beverly,Barnes,79a0ea032f92e7993ea7431f2a582b5e,5
7,Brian,Riley,32c074fa19009a10e6a906b960151c4b,8
8,Brooke,Brown,56d085f32f17825b3f70c4529803a7ed,9
12,Charles,Randall,7648732290f1d67c958bad1dff4f46d5,7
17,Dale,Sanders,f4dbaf5d6abecd487f82334edec609b1,7
18,David,Collins,050ec448b62eb2f80f05d84e477fa1d8,8
19,Dennis,Knapp,ca529c3ef1f75771b2cf6e1daebe53e3,9
25,Francis,Smith,1ba4b9f41b984914a39f915800427e37,9
28,Heather,Dennis,7a1dc931bb736ddcac1426bd7de5db51,9
29,Hector,Hayden,edd568df453b10c43d9406864047d088,9
30,James,Washington,71a32f6bd1ba1407a89a7d42323391a0,8
31,Jamie,Shah,a7adaec26ca18e56b58f1d3bcf356997,9
32,Jason,Moore,b5075cf22f983d637daaeaea3fd281c4,7
34,Jennifer,Collins,6c98acd6b8b7d82b2dda93358f7b7d66,9
35,Jennifer,Jones,d0bf0e4ec96c6f3ba89c8b3061d43afa,6
36,Jeremy,Shaw,2f40dfd43fa285d19c7262d31e008c81,7
37,Joanna,Terry,f9477c84df3fa1addf8fb94a5bd41b6c,7
39,Johnny,Campbell,0cc70fe75f583592ebd844bf22660859,8
44,Katherine,Johnson,b4ea219b3ca7e51251a24b4226b05d1d,8
46,Kayla,West,a201a2f75986c62a6a7861c568c01afe,8
49,Latoya,Smith,a928d28dcb1cb225eece9759355b7bf5,9
52,Lee,Williams,6e88dc3000d1130acf038bfae39e8116,7
53,Linda,Kelley,7c6d9cfe9505ce2304207cf96ebe15cc,9
54,Lisa,Mckay,c146b7fba37684f0b397280f9c717687,6
55,Lisa,Olsen,4a994706a21b707f115bbbec09eefb05,7
56,Manuel,Anderson,6e66f2f4bff15fa9719fb34bc10dbdf3,6
61,Melissa,Cooke,5bce1b9e424cf4f54946e4a705d27f74,6
62,Melvin,Stone,e6deb931b67402a69947e84a7f92de29,5
63,Meredith,French,98184d7fe4f3610f628d7e98fa7af09d,9
65,Michelle,Bridges,80badfc300534d4506fb7404263981a1,7
68,Nichole,Morris,585265c94b51e011901e46c0c348ad45,7
70,Olivia,Hudson,335444f3cbb088d2ed90ef32bd456555,8
72,Paul,Smith,03fab0b43d2e3b7f59b991b5cc0d47c6,8
74,Regina,Barber,8eb7b87ac1f3fc59e067a0d1162aab43,6
77,Richard,Peterson,c637e9b68f817c6e2282aa124846a6ae,8
81,Ryan,Le,ce4959a23975d2833727c49b63bcbc7c,8
82,Ryan,Robinson,e1d7f957f110ac7b8a2d564096cf9a49,6
83,Ryan,Terrell,f7b1672d53d0ae4b07021aea9cf9f143,6
84,Sara,Ramirez,84d79088d5b6c337797b414f0a537413,9
85,Shelby,Osborn,8503336e0f3a2be920984c4f9c6db980,5
87,Steven,Richard,77fcee2714d485a53c410c43d5010dec,7
88,Tanya,Holmes,974007ae906d87dc269cf273e6c67e01,6
90,Thomas,Montgomery,2a011e8e05b91ce7c5fda8fb679506f1,8
92,Travis,Barnes,bc20d5b5cbf6d2a76dd4b2624a76b2e8,7
93,Travis,Phelps,a750ecf95c82cc5ff2d2124339ed8884,7
